{"inputUnits":[34],"outputUnits":4,"inputs":{"0":{"dtype":"number","min":55.415985463658195,"max":628.4837293810418},"1":{"dtype":"number","min":-6.766387701962245,"max":405.68125624601015},"2":{"dtype":"number","min":49.80637606015929,"max":630.2733050988342},"3":{"dtype":"number","min":-20.122869469312377,"max":358.9356929318914},"4":{"dtype":"number","min":24.034263521780765,"max":629.0801105425052},"5":{"dtype":"number","min":-16.20733595079949,"max":408.66624409122693},"6":{"dtype":"number","min":83.13140809767906,"max":621.5400321752645},"7":{"dtype":"number","min":-23.544898125911963,"max":395.0158732967154},"8":{"dtype":"number","min":-1.5980351666995987,"max":588.9782043932013},"9":{"dtype":"number","min":-13.699368131763734,"max":451.5384089250973},"10":{"dtype":"number","min":116.5099444556329,"max":668.9375346736686},"11":{"dtype":"number","min":46.81054022525535,"max":504.8631921909199},"12":{"dtype":"number","min":4.807722633450876,"max":540.6041720497933},"13":{"dtype":"number","min":59.51911659092292,"max":559.0881846387099},"14":{"dtype":"number","min":127.27382318518968,"max":674.7867688130776},"15":{"dtype":"number","min":95.72918487430084,"max":598.660176199234},"16":{"dtype":"number","min":-51.37815007903696,"max":572.8732181059247},"17":{"dtype":"number","min":87.57619182423394,"max":594.2543522578733},"18":{"dtype":"number","min":64.01271834911539,"max":652.0935011095575},"19":{"dtype":"number","min":40.2146385430362,"max":585.3669424094115},"20":{"dtype":"number","min":-32.91456883055691,"max":567.4972094821559},"21":{"dtype":"number","min":45.06340472150869,"max":597.639402396948},"22":{"dtype":"number","min":138.64118167862355,"max":631.433223620463},"23":{"dtype":"number","min":252.73563845148345,"max":600.6282108767024},"24":{"dtype":"number","min":12.084469331377676,"max":608.7750256015169},"25":{"dtype":"number","min":255.24111855354755,"max":591.6156837077457},"26":{"dtype":"number","min":116.71882926258132,"max":612.7980071190267},"27":{"dtype":"number","min":312.84911218784197,"max":599.3764201954644},"28":{"dtype":"number","min":38.77252489676272,"max":590.0846619364817},"29":{"dtype":"number","min":310.27924118338854,"max":599.8613575738692},"30":{"dtype":"number","min":121.51021890603151,"max":604.0698681545629},"31":{"dtype":"number","min":382.2146713316209,"max":588.083144607247},"32":{"dtype":"number","min":29.29017300735652,"max":571.6007728428228},"33":{"dtype":"number","min":401.81946513253894,"max":589.2743822387221}},"outputs":{"0":{"dtype":"string","min":0,"max":1,"uniqueValues":["left","right","fire","default"],"legend":{"left":[1,0,0,0],"right":[0,1,0,0],"fire":[0,0,1,0],"default":[0,0,0,1]}}},"isNormalized":true}